Brand,Speed,Price,Discount,Sales per Month,Ratings count,Ratings
Frontech,707,1499.,56,100,67,3.2
TP-Link,773,1999.,56,100,448,4.5
TP-Link,304,1999.,56,100,4300,4.5
D-Link,1500,1749,44,100,1100,4.2
Tenda,224,11299,44,200,14200,3.8
TP-Link,973,5199,63,50,448,4.2
TP-Link,1200,2699,63,100,2200,4.5
TP-Link,177,1034,50,500,31800,4.1
GEONIX,337,8499,50,50,165,4.3
Resonate,238,1999,6,1000,2300,3.4
TP-Link,615,2599,6,100,10100,4.1
Dime,560,994,43,3000,8300,4.3
Cuzor,827,1798,43,2000,18800,4.0
Conbre,144,8999,43,300,1500,4.4
LAPCARE,300,239,43,100,35,3.8
TP-Link,146,1499,71,50,98,4.0
E,911,2157,71,100,550,4.1
D-Link,1500,2099,72,200,1100,4.1
D-Link,3000,6499,72,50,164,&
GEONIX,807,30990,38,500,165,3.8
TP-Link,784,1499.,38,3000,31800,3.9
Dime,809,1999.,31,100,8300,3.4
D-Link,1500,1999.,31,100,1100,4.3
TP-Link,826,2699,57,100,448,4.0
TP-Link,141,3999,57,50,4300,3.8
TP-Link,945,994,2,200,448,4.5
Tenda,307,2599,50,500,14200,4.5
D-Link,1200,239,50,3000,9300,4.5
Oakter,576,2699,67,100,1400,4.2
TP-Link,1200,11299,67,2000,2200,4.2
Cuzor,652,5199,54,400,18800,4.2
Tenda,867,8499,54,100,11800,4.1
TP-Link,956,1034,46,1000,10100,4.4
Resonate,881,1899,46,700,2300,4.1
TP-Link,571,949,39,3000,98,4.3
Self-Adhesive,399,1999,39,500,98,4.1
TP-Link,1200,1499,39,100,7800,4.1
Amazon,958,2149,50,500,1500,4.3
TP-Link,345,8999,50,50,448,4.2
TP-Link,333,1798,50,100,31800,3.9
GEONIX,610,6499,52,3000,165,4.5
D-Link,1500,299,52,100,1100,&
Dime,336,2399,72,100,8300,4.3
TP-Link,196,999,72,50,448,3.4
TP-Link,604,11299,71,200,4300,3.8
TP-Link,738,1499.,71,100,448,4.5
Tenda,287,1999.,57,2000,14200,4.4
TP-Link,1200,1999.,57,400,2200,4.4
Cuzor,840,2599,2,100,18800,4.3
Tenda,867,994,50,1000,11800,4.3
TP-Link,742,2699,50,700,10100,4.0
Resonate,753,14999.,44,3000,2300,4.5
TP-Link,313,18999.,44,50,98,4.5
Self-Adhesive,383,12499.,63,100,98,4.5
TP-Link,1200,239,63,200,7800,4.2
E,860,11299,43,100,550,4.1
D-Link,1500,5199,43,100,1100,4.4
D-Link,3000,8499,6,100,164,4.1
Frontech,917,1034,6,3000,67,4.3
TP-Link,908,1999,56,500,448,4.1
D-Link,1500,1499,56,100,1100,4.1
TP-Link,401,2149,68,400,1400,4.3
Tenda,427,8999,68,500,9300,4.2
TP-Link,689,1798,43,100,448,4.1
TP-Link,1200,6499,43,200,532,&
TP-Link,558,299,50,50,843,3.8
Oakter,794,2399,50,100,4300,3.9
D-Link,1200,30990,56,500,14200,3.2
GEONIX,209,1499.,56,3000,448,4.5
Resonate,304,1999.,31,500,2200,3.8
TP-Link,904,1999.,31,50,31800,4.2
Dime,943,2699,38,1000,1400,4.2
Cuzor,937,3999,38,100,9300,4.5
Conbre,584,1749,46,3000,165,4.2
LAPCARE,300,11299,46,2000,2300,4.5
TP-Link,929,2699,70,300,10100,4.5
Amazon,607,949,70,100,8300,4.4
TP-Link,209,1899,63,500,18800,4.4
E,708,11299,63,100,1500,4.2
D-Link,1500,2899,67,50,35,4.5
D-Link,3000,2899,67,100,98,4.2
TP-Link,356,14999.,44,200,1500,4.5
Tenda,373,18999.,44,5000,448,4.1
TP-Link,988,12499.,71,200,550,4.3
TP-Link,556,5199,71,100,1100,4.2
TP-Link,619,1034,71,500,164,4.2
D-Link,1500,8499,72,3000,20000,3.4
TP-Link,847,1999,72,100,14200,4.1
Frontech,506,2599,50,400,4300,4.3
D-Link,1200,949,50,500,9300,4.0
Oakter,920,1899,57,500,1400,4.4
Resonate,319,994,57,100,448,3.8
GEONIX,785,1798,2,100,532,4.0
Conbre,855,8999,44,50,843,4.1
LAPCARE,300,239,44,100,31800,3.9
MERCUSYS,1200,1499,63,500,448,4.5
Self-Adhesive,662,2157,63,3000,1100,4.1
TP-Link,1200,2099,43,1000,448,&
Cuzor,663,6499,43,50,67,3.8
Amazon,782,999,6,300,9300,3.9
TP-Link,637,11299,6,100,1400,4.2
ABOUT,482,30990,43,700,2300,4.2
Frontech,942,1499.,43,3000,165,4.5
TP-Link,401,1999.,50,2000,1500,4.2
D-Link,1500,1999.,50,500,35,4.2
TP-Link,643,2699,56,100,1100,4.5
Tenda,252,3999,56,300,98,4.2
TP-Link,294,1399,31,100,7800,4.5
TP-Link,1200,1034,31,100,18800,4.3
TP-Link,337,5199,38,100,1500,4.5
GEONIX,174,1899,38,100,448,3.8
TP-Link,130,949,46,200,1600,4.5
Resonate,739,11299,46,50,67,3.2
Dime,695,2899,70,100,448,4.2
Cuzor,902,2899,70,500,1100,4.2
Conbre,918,2599,63,50,4300,4.1
LAPCARE,300,11299,63,100,14200,4.2
TP-Link,833,2699,39,1000,448,4.2
E,119,8499,39,3000,2200,4.2
D-Link,1500,1749,39,2000,31800,4.2
D-Link,3000,1899,50,300,165,4.4
TP-Link,806,949,50,100,10100,4.4
TP-Link,366,1798,50,50,2300,4.2
Tenda,769,379.,52,100,8300,3.4
TP-Link,632,459.,52,200,18800,3.8
TP-Link,200,809.,56,5000,1500,4.0
D-Link,1500,994,56,100,35,4.0
TP-Link,490,2157,44,200,98,4.3
Frontech,445,2099,44,500,550,4.2
D-Link,1200,1399,50,3000,1100,4.4
Oakter,711,299,50,100,164,3.9
Resonate,852,2399,68,400,20000,4.5
LAPCARE,300,1499,68,500,4300,3.9
Conbre,562,999,68,100,14200,&
GEONIX,830,11299,56,500,9300,3.2
MERCUSYS,1200,3199,56,100,1400,4.5
TP-Link,1200,1499.,44,50,448,3.8
Self-Adhesive,557,1999.,44,100,532,4.5
TP-Link,894,1999.,52,500,843,4.4
Amazon,899,1749,52,3000,448,4.4
TP-Link,538,11299,42,1000,31800,4.3
E,332,2699,42,100,1100,4.3
GEONIX,219,14999.,63,300,448,4.5
TP-Link,856,18999.,63,50,67,4.2
D-Link,1500,12499.,6,3000,9300,4.5
Dime,475,5199,6,700,1400,4.1
TP-Link,425,1034,43,100,2300,4.3
TP-Link,305,8499,43,500,35,3.4
Tenda,148,1999,43,100,1500,4.3
TP-Link,1200,2599,43,50,165,4.1
Cuzor,335,994,71,50,1100,4.0
Tenda,867,8999,71,500,7800,4.4
Resonate,889,1798,68,100,98,3.8
Cuzor,421,239,68,3000,10100,4.0
TP-Link,941,1499,56,100,1500,4.1
Self-Adhesive,156,2157,56,50,448,4.1
TP-Link,1200,2099,72,200,550,&
Frontech,432,6499,72,100,165,3.8
E,157,30990,38,2000,31800,3.9
TP-Link,570,1499.,38,400,1100,4.2
TP-Link,674,1999.,31,1000,8300,4.5
Tenda,394,1999.,31,1000,4300,4.2
TP-Link,771,2699,57,700,448,4.2
TP-Link,165,3999,57,3000,14200,4.2
D-Link,1500,1399,2,100,2200,4.5
TP-Link,879,5199,50,50,18800,4.2
Frontech,331,1034,50,5000,11800,4.5
Resonate,167,1899,67,100,2300,4.5
LAPCARE,300,949,67,200,18800,4.4
Conbre,173,11299,54,100,98,4.4
GEONIX,480,2899,54,500,98,4.3
MERCUSYS,1200,2899,46,100,7800,4.3
TP-Link,1200,14999.,46,50,67,4.5
Self-Adhesive,264,18999.,67,100,550,4.3
TP-Link,558,12499.,67,1000,20000,3.8
ABOUT,679,11299,44,100,4300,4.5
D-Link,1500,2599,44,300,14200,3.2
D-Link,3000,2699,39,50,448,4.2
GEONIX,388,8499,39,3000,31800,4.2
TP-Link,155,1749,39,700,1100,4.1
Dime,868,1899,50,100,448,4.0
D-Link,1500,949,50,300,67,3.8
TP-Link,790,1798,50,100,2300,3.4
TP-Link,601,2099,52,200,35,4.0
TP-Link,862,2157,52,50,1500,4.2
Tenda,311,994,44,500,165,4.3
D-Link,1200,1399,44,3000,1100,4.3
Oakter,943,2399,6,500,7800,3.9
TP-Link,1200,299,6,3000,98,4.5
Cuzor,341,8999,63,100,10100,4.1
Tenda,867,999,63,400,1600,&
TP-Link,343,11299,56,500,1100,3.4
Resonate,107,30990,56,100,164,4.3
TP-Link,245,1499.,56,100,165,3.8
Self-Adhesive,477,1999.,68,100,31800,4.2
TP-Link,1200,1999.,68,50,8300,4.0
Amazon,144,994,44,200,9300,4.5
TP-Link,981,2599,44,500,1400,4.5
ABOUT,563,2699,52,3000,448,4.2
Frontech,295,239,52,100,532,4.1
D-Link,1500,5199,42,2000,843,4.4
TP-Link,897,8499,42,400,1100,4.1
Tenda,917,1034,71,100,448,4.1
TP-Link,165,1999,71,1000,4300,4.4
GEONIX,629,1499,44,700,448,4.1
TP-Link,1200,2149,44,3000,14200,4.3
TP-Link,336,1798,50,500,9300,4.2
Resonate,749,1999,50,100,1400,3.2
Dime,655,6499,43,300,2200,4.1
Cuzor,933,299,43,100,18800,&
Conbre,896,2399,56,100,11800,4.2
Cuzor,919,1749,56,100,10100,4.5
LAPCARE,300,30990,56,200,2300,4.2
TP-Link,783,1499.,56,50,98,4.2
Tenda,867,1999.,68,50,98,4.5
E,330,1999.,68,100,7800,4.3
TP-Link,527,1399,38,500,1500,3.8
Tenda,112,5199,38,1000,448,4.5
TP-Link,451,1034,72,3000,1600,3.2
TP-Link,984,11299,72,2000,67,4.1
TP-Link,370,2599,67,300,1100,4.0
D-Link,1500,2699,67,1000,4300,3.8
TP-Link,281,8499,54,100,14200,3.4
Frontech,623,1749,54,400,448,4.0
Resonate,262,1798,52,50,165,4.2
LAPCARE,300,2099,52,5000,2200,4.3
GEONIX,589,2157,70,200,31800,4.3
Conbre,544,994,70,100,2300,3.9
MERCUSYS,1200,1399,63,100,8300,&
Self-Adhesive,711,2399,63,500,18800,3.8
TP-Link,1200,299,50,100,1500,3.9
Cuzor,611,8999,50,50,18800,3.4
ABOUT,669,3199,67,100,35,4.3
Frontech,820,2699,67,1000,98,4.0
TP-Link,788,3999,44,100,11800,4.2
D-Link,1500,994,44,50,550,4.2
TP-Link,235,2599,60,300,20000,4.5
Tenda,378,239,60,700,14200,4.2
TP-Link,681,1899,60,3000,4300,4.5
GEONIX,720,949,4,2000,448,3.8
TP-Link,494,11299,4,300,31800,4.5
TP-Link,1200,2899,4,100,1100,4.5
Resonate,736,2899,56,100,448,4.5
Dime,185,2699,56,100,67,4.2
Cuzor,521,11299,56,100,2300,4.2
Conbre,693,5199,44,200,35,4.2
LAPCARE,300,8499,44,50,165,4.1
TP-Link,162,1034,50,50,1500,4.2
Tenda,867,1899,50,500,1100,4.2
E,905,949,63,100,98,4.2
GEONIX,275,1999,63,1000,7800,4.2
TP-Link,284,1499,6,3000,18800,4.4
Dime,492,2149,6,2000,1600,4.1
D-Link,1500,8999,43,300,67,4.3
TP-Link,268,1798,43,100,4300,4.1
TP-Link,864,6499,43,400,1100,4.1
TP-Link,682,299,43,50,448,4.3
Tenda,482,2399,71,50,14200,4.2
TP-Link,1200,999,71,500,448,3.9
Cuzor,357,11299,72,3000,165,4.5
Tenda,867,3199,72,100,31800,3.9
TP-Link,223,1499,31,100,2200,&
Resonate,409,2199,31,100,2300,3.2
TP-Link,458,1999,38,50,8300,3.8
Self-Adhesive,882,1749,38,200,18800,4.5
TP-Link,1200,2699,57,100,1500,4.2
ABOUT,102,5199,57,2000,35,4.2
D-Link,1500,1034,2,400,98,4.5
D-Link,3000,8499,50,100,11800,3.4
Frontech,105,994,50,1000,550,4.1
TP-Link,515,1999,67,700,165,4.3
D-Link,1500,2599,67,3000,31800,4.1
TP-Link,353,1798,54,300,8300,4.0
Tenda,907,239,54,100,1100,4.4
TP-Link,804,1499,46,200,448,3.8
GEONIX,259,2157,46,100,4300,4.4
TP-Link,484,1999,39,100,448,4.0
Oakter,945,2099,39,100,14200,4.1
D-Link,1200,6499,39,3000,2200,4.1
TP-Link,1200,2149,50,500,18800,4.1
Resonate,826,30990,50,100,11800,&
Dime,666,1499,50,400,10100,4.2
Cuzor,713,2199,52,500,2300,4.2
Conbre,357,1999,52,100,98,4.5
LAPCARE,300,1399,44,200,98,4.2
TP-Link,522,1034,44,50,7800,4.4
Tenda,867,5199,63,50,1600,4.4
Amazon,921,379.,63,500,1100,4.2
TP-Link,428,459.,6,3000,164,4.5
E,674,809.,6,500,67,4.3
GEONIX,245,11299,56,100,4300,3.8
TP-Link,518,2599,56,1000,1100,4.5
D-Link,1500,2699,56,3000,1400,3.2
Dime,535,8499,68,2000,9300,4.1
TP-Link,313,1749,68,300,448,4.0
TP-Link,541,1798,44,100,532,3.4
Tenda,274,2099,44,400,843,3.8
TP-Link,1200,994,52,500,448,4.0
Cuzor,191,2157,52,100,14200,4.3
Tenda,867,1399,42,50,448,4.2
Resonate,978,299,42,50,165,4.4
Cuzor,568,2399,44,500,31800,3.9
TP-Link,463,1499,44,100,1400,&
Self-Adhesive,815,3199,71,3000,9300,3.2
TP-Link,1200,1499,71,100,2200,4.5
Frontech,564,2199,50,50,2300,3.8
E,103,1999,50,200,8300,4.2
GEONIX,704,1749,43,100,18800,4.5
TP-Link,774,5199,43,2000,1500,4.2
Dime,654,2699,56,400,35,4.5
D-Link,1500,11299,56,1000,98,3.4
TP-Link,412,1034,56,1000,11800,4.3
TP-Link,189,8499,56,700,1500,4.1
TP-Link,214,994,68,3000,448,4.1
Tenda,709,2599,68,100,550,4.0
TP-Link,1200,1999,38,50,165,4.4
Cuzor,178,1798,38,50,31800,3.8
Tenda,867,239,54,500,1100,4.0
TP-Link,550,1499,54,3000,8300,4.1
Resonate,237,2157,67,100,4300,4.1
TP-Link,799,2099,67,100,448,4.1
Self-Adhesive,697,6499,72,100,14200,&
TP-Link,1200,2149,72,50,2200,3.4
INSIX,483,30990,52,200,18800,4.3
TP-Link,314,994,52,100,11800,4.0
Tenda,630,2599,63,2000,2300,4.2
TP-Link,119,239,63,400,18800,4.2
TP-Link,807,379.,70,100,98,4.2
D-Link,1500,459.,70,1000,98,4.2
TP-Link,932,809.,31,700,7800,4.4
Frontech,825,2699,31,3000,67,4.4
GEONIX,612,11299,67,600,550,4.2
Resonate,182,5199,67,5000,165,3.8
LAPCARE,300,8499,44,200,31800,4.5
Conbre,811,1034,44,100,8300,4.5
MERCUSYS,1200,1999,39,3000,1100,4.5
TP-Link,1200,1499,39,500,448,4.2
Self-Adhesive,442,2149,39,100,4300,4.1
Cuzor,163,8999,72,400,448,4.4
TP-Link,1200,1798,72,500,14200,4.1
ABOUT,278,6499,72,500,2200,4.3
D-Link,1500,299,71,100,18800,4.1
D-Link,3000,2399,71,50,11800,4.1
Frontech,660,3199,50,100,10100,4.3
TP-Link,393,1499,50,50,2300,4.2
D-Link,1500,2199,57,1000,98,3.9
TP-Link,609,1999,57,100,98,&
Tenda,741,2699,2,300,7800,3.8
TP-Link,721,3999,63,3000,171,3.9
TP-Link,1200,1749,63,700,20000,3.2
TP-Link,239,5199,43,2000,14200,4.5
D-Link,1200,2699,43,100,4300,3.8
Oakter,125,949,6,300,1400,4.2
GEONIX,642,1899,6,100,9300,4.2
TP-Link,452,11299,43,200,448,4.5
Resonate,250,2899,43,100,532,4.2
Dime,868,2899,50,100,843,4.5
Cuzor,671,11299,50,100,31800,4.5
Conbre,852,1034,56,500,1100,4.2
LAPCARE,300,8499,56,3000,448,4.5
TP-Link,155,994,38,100,67,3.4
Amazon,663,2599,38,400,165,4.3
TP-Link,132,949,39,500,2300,4.2
E,376,1899,39,100,35,4.2
Frontech,560,1999,4,200,1500,4.1
TP-Link,998,1798,4,50,1100,4.2
D-Link,1500,239,4,100,7800,4.1
TP-Link,862,1499,46,500,98,4.0
Tenda,398,2157,46,500,18800,4.4
TP-Link,492,2099,70,3000,2200,3.8
TP-Link,1200,6499,70,50,1600,4.0
TP-Link,845,2149,63,100,1100,4.1
GEONIX,914,999,63,1000,164,4.1
Resonate,193,11299,56,3000,67,3.9
TP-Link,320,30990,56,2000,448,4.5
Dime,752,1499.,39,300,1100,4.1
Cuzor,198,1999.,39,100,9300,&
Conbre,813,1999.,39,500,1400,3.4
LAPCARE,300,994,44,100,448,4.3
TP-Link,704,2599,44,50,532,3.8
ABOUT,317,2699,44,100,843,3.9
GEONIX,404,239,63,100,4300,3.9
TP-Link,997,5199,63,100,14200,4.0
D-Link,1500,8499,6,100,448,4.5
Dime,830,1034,6,200,2200,4.5
TP-Link,180,1999,44,50,31800,4.2
TP-Link,360,1499,44,100,9300,4.1
Tenda,863,2149,71,500,1400,4.4
TP-Link,1200,1798,71,50,165,4.1
Cuzor,471,1999,50,1000,10100,4.1
Tenda,867,6499,50,100,2300,4.4
Resonate,393,299,43,3000,8300,4.1
Cuzor,223,2399,43,2000,18800,4.3
TP-Link,922,1749,56,300,1500,4.2
Self-Adhesive,830,30990,56,100,35,3.2
TP-Link,1200,1499,38,300,98,4.1
Frontech,244,2199,38,50,1500,&
E,578,1999,54,500,448,3.4
D-Link,1500,994,54,100,550,4.3
D-Link,3000,2599,67,3000,67,4.0
